{"stats":{"minecraft:custom":{"minecraft:interact_with_furnace":18,"minecraft:mob_kills":25,"minecraft:interact_with_crafting_table":15,"minecraft:interact_with_stonecutter":3,"minecraft:leave_game":1,"minecraft:time_since_death":74710,"minecraft:sleep_in_bed":4,"minecraft:time_since_rest":8126,"minecraft:sprint_one_cm":130911,"minecraft:damage_taken":569,"minecraft:walk_one_cm":179552,"minecraft:damage_blocked_by_shield":638,"minecraft:drop":6,"minecraft:damage_dealt":3124,"minecraft:swim_one_cm":4301,"minecraft:fly_one_cm":159872,"minecraft:open_chest":19,"minecraft:play_time":74710,"minecraft:crouch_one_cm":25776,"minecraft:sneak_time":5233,"minecraft:walk_under_water_one_cm":883,"minecraft:jump":1057,"minecraft:walk_on_water_one_cm":10984,"minecraft:total_world_time":115294,"minecraft:fall_one_cm":29238},"minecraft:mined":{"minecraft:deepslate_redstone_ore":11,"minecraft:deepslate_diamond_ore":13,"minecraft:cobblestone_stairs":3,"minecraft:crafting_table":3,"minecraft:torch":3,"minecraft:granite":3,"minecraft:short_grass":28,"minecraft:grass_block":280,"minecraft:poppy":2,"minecraft:cobblestone":1,"minecraft:tall_grass":5,"minecraft:deepslate_coal_ore":1,"minecraft:lapis_ore":8,"minecraft:deepslate_gold_ore":6,"minecraft:sugar_cane":4,"minecraft:blue_bed":3,"minecraft:wall_torch":4,"minecraft:spawner":1,"minecraft:hay_block":25,"minecraft:furnace":2,"minecraft:carrots":9,"minecraft:birch_log":12,"minecraft:iron_ore":31,"minecraft:wheat":17,"minecraft:oak_log":96,"minecraft:potatoes":1,"minecraft:coal_ore":52,"minecraft:deepslate_iron_ore":10,"minecraft:gravel":26,"minecraft:dirt":245,"minecraft:stonecutter":1,"minecraft:stone":95,"minecraft:oak_leaves":31,"minecraft:deepslate":18},"minecraft:broken":{"minecraft:stone_pickaxe":1,"minecraft:stone_axe":1,"minecraft:stone_shovel":4},"minecraft:dropped":{"minecraft:stone_hoe":1,"minecraft:stone_shovel":1,"minecraft:granite":3,"minecraft:stick":4,"minecraft:wooden_pickaxe":1},"minecraft:picked_up":{"minecraft:birch_log":12,"minecraft:crafting_table":3,"minecraft:glow_ink_sac":3,"minecraft:leather":11,"minecraft:potato":1,"minecraft:flint":2,"minecraft:oak_log":96,"minecraft:cobblestone_stairs":3,"minecraft:dirt":521,"minecraft:lapis_lazuli":50,"minecraft:blue_bed":3,"minecraft:bone":6,"minecraft:apple":4,"minecraft:stonecutter":1,"minecraft:wheat_seeds":19,"minecraft:cobbled_deepslate":27,"minecraft:raw_gold":6,"minecraft:beef":28,"minecraft:poppy":8,"minecraft:sugar_cane":14,"minecraft:birch_sapling":5,"minecraft:furnace":2,"minecraft:stick":33,"minecraft:raw_iron":40,"minecraft:torch":8,"minecraft:dandelion":1,"minecraft:gravel":23,"minecraft:carrot":9,"minecraft:redstone":53,"minecraft:stone_shovel":1,"minecraft:arrow":5,"minecraft:rotten_flesh":2,"minecraft:diamond":13,"minecraft:hay_block":23,"minecraft:granite":3,"minecraft:oak_sapling":28,"minecraft:mutton":4,"minecraft:coal":94,"minecraft:white_wool":3,"minecraft:cobblestone":95},"minecraft:used":{"minecraft:cooked_mutton":4,"minecraft:water_bucket":4,"minecraft:stone_sword":71,"minecraft:cobblestone_stairs":39,"minecraft:stone_shovel":554,"minecraft:stone_pickaxe":128,"minecraft:chest":2,"minecraft:wooden_pickaxe":17,"minecraft:shield":9,"minecraft:stonecutter":1,"minecraft:blue_bed":4,"minecraft:stone_hoe":25,"minecraft:rotten_flesh":2,"minecraft:torch":69,"minecraft:dirt":3,"minecraft:crafting_table":4,"minecraft:oak_log":35,"minecraft:apple":14,"minecraft:iron_pickaxe":115,"minecraft:iron_boots":1,"minecraft:stone_axe":126,"minecraft:cobblestone":2,"minecraft:furnace":3,"minecraft:bucket":4},"minecraft:killed":{"minecraft:witch":1,"minecraft:bat":1,"minecraft:skeleton":3,"minecraft:sheep":4,"minecraft:zombie":2,"minecraft:cow":14},"minecraft:crafted":{"minecraft:cooked_beef":28,"minecraft:oak_planks":56,"minecraft:stone_shovel":7,"minecraft:crafting_table":1,"minecraft:wooden_pickaxe":1,"minecraft:iron_helmet":1,"minecraft:furnace":1,"minecraft:blue_bed":1,"minecraft:stone_axe":1,"minecraft:cooked_mutton":4,"minecraft:air":0,"minecraft:blue_dye":1,"minecraft:iron_boots":1,"minecraft:iron_chestplate":1,"minecraft:shield":1,"minecraft:stick":28,"minecraft:iron_ingot":24,"minecraft:iron_pickaxe":1,"minecraft:stone_pickaxe":1,"minecraft:stone_sword":1,"minecraft:chest":2,"minecraft:iron_leggings":1,"minecraft:white_bed":1,"minecraft:torch":64,"minecraft:stone_hoe":1}},"DataVersion":3955}