{"stats":{"minecraft:broken":{"minecraft:stone_sword":1},"minecraft:crafted":{"minecraft:oak_planks":52,"minecraft:oak_slab":42,"minecraft:furnace":2,"minecraft:air":0,"minecraft:oak_trapdoor":4,"minecraft:charcoal":17,"minecraft:diamond_pickaxe":1,"minecraft:ladder":3,"minecraft:stick":16,"minecraft:iron_ingot":18,"minecraft:torch":80,"minecraft:shears":1},"minecraft:mined":{"minecraft:oak_slab":1,"minecraft:tuff":3,"minecraft:deepslate_diamond_ore":3,"minecraft:obsidian":17,"minecraft:crafting_table":1,"minecraft:torch":1,"minecraft:ladder":1,"minecraft:grass_block":1,"minecraft:oak_pressure_plate":2,"minecraft:cobblestone":2,"minecraft:deepslate_gold_ore":2,"minecraft:diorite":2,"minecraft:blue_bed":1,"minecraft:wall_torch":4,"minecraft:oak_trapdoor":2,"minecraft:furnace":1,"minecraft:iron_ore":12,"minecraft:deepslate_iron_ore":6,"minecraft:oak_log":108,"minecraft:coal_ore":15,"minecraft:cobblestone_slab":9,"minecraft:dirt":3,"minecraft:stone":11,"minecraft:oak_leaves":73,"minecraft:deepslate":3},"minecraft:dropped":{"minecraft:rotten_flesh":5,"minecraft:torch":1},"minecraft:used":{"minecraft:oak_trapdoor":7,"minecraft:water_bucket":11,"minecraft:stone_sword":58,"minecraft:stone_shovel":6,"minecraft:ladder":4,"minecraft:oak_planks":2,"minecraft:shield":11,"minecraft:cobblestone_slab":25,"minecraft:blue_bed":1,"minecraft:rotten_flesh":1,"minecraft:oak_leaves":6,"minecraft:iron_chestplate":1,"minecraft:torch":97,"minecraft:dirt":2,"minecraft:oak_slab":40,"minecraft:crafting_table":1,"minecraft:tuff":1,"minecraft:shears":13,"minecraft:oak_log":25,"minecraft:diamond_pickaxe":35,"minecraft:oak_stairs":3,"minecraft:iron_axe":143,"minecraft:iron_pickaxe":55,"minecraft:iron_helmet":1,"minecraft:oak_pressure_plate":2,"minecraft:cobblestone":29,"minecraft:oak_sapling":14,"minecraft:furnace":3,"minecraft:bucket":11,"minecraft:cooked_beef":6,"minecraft:iron_leggings":1},"minecraft:killed_by":{"minecraft:spider":1},"minecraft:custom":{"minecraft:interact_with_furnace":15,"minecraft:mob_kills":15,"minecraft:interact_with_crafting_table":8,"minecraft:leave_game":1,"minecraft:time_since_death":21407,"minecraft:sleep_in_bed":1,"minecraft:climb_one_cm":5461,"minecraft:time_since_rest":21514,"minecraft:sprint_one_cm":83781,"minecraft:damage_taken":892,"minecraft:walk_one_cm":148913,"minecraft:damage_blocked_by_shield":655,"minecraft:drop":2,"minecraft:damage_dealt":2498,"minecraft:fly_one_cm":103222,"minecraft:open_chest":19,"minecraft:crouch_one_cm":7181,"minecraft:play_time":44383,"minecraft:deaths":1,"minecraft:sneak_time":3115,"minecraft:walk_under_water_one_cm":6994,"minecraft:jump":509,"minecraft:walk_on_water_one_cm":9575,"minecraft:total_world_time":48590,"minecraft:fall_one_cm":10713},"minecraft:killed":{"minecraft:zombie_villager":1,"minecraft:spider":2,"minecraft:skeleton":3,"minecraft:zombie":6},"minecraft:picked_up":{"minecraft:iron_chestplate":1,"minecraft:crafting_table":1,"minecraft:cooked_beef":13,"minecraft:water_bucket":1,"minecraft:ladder":1,"minecraft:tuff":3,"minecraft:oak_log":123,"minecraft:shield":1,"minecraft:string":2,"minecraft:dirt":4,"minecraft:blue_bed":1,"minecraft:oak_trapdoor":2,"minecraft:iron_axe":1,"minecraft:iron_leggings":1,"minecraft:bone":2,"minecraft:apple":1,"minecraft:bow":2,"minecraft:cobbled_deepslate":5,"minecraft:raw_gold":2,"minecraft:cobblestone_slab":9,"minecraft:iron_pickaxe":1,"minecraft:iron_boots":1,"minecraft:furnace":1,"minecraft:raw_iron":30,"minecraft:oak_slab":1,"minecraft:stick":17,"minecraft:torch":44,"minecraft:oak_pressure_plate":2,"minecraft:diorite":4,"minecraft:stone_sword":1,"minecraft:stone_shovel":2,"minecraft:arrow":5,"minecraft:rotten_flesh":6,"minecraft:diamond":3,"minecraft:iron_helmet":1,"minecraft:oak_sapling":25,"minecraft:obsidian":16,"minecraft:oak_leaves":12,"minecraft:coal":15,"minecraft:cobblestone":27,"minecraft:diamond_pickaxe":1}},"DataVersion":3955}