{"stats":{"minecraft:killed":{"minecraft:spider":2},"minecraft:picked_up":{"minecraft:stripped_oak_log":14,"minecraft:birch_log":24,"minecraft:charcoal":10,"minecraft:crafting_table":1,"minecraft:glow_ink_sac":6,"minecraft:water_bucket":1,"minecraft:leather":22,"minecraft:oak_stairs":19,"minecraft:potato":14,"minecraft:flint":4,"minecraft:oak_log":330,"minecraft:shield":2,"minecraft:gunpowder":14,"minecraft:cobblestone_stairs":36,"minecraft:paper":8,"minecraft:string":2,"minecraft:lapis_lazuli":98,"minecraft:oak_trapdoor":20,"minecraft:dirt":1151,"minecraft:blue_bed":1,"minecraft:iron_axe":1,"minecraft:name_tag":2,"minecraft:compass":2,"minecraft:bone":20,"minecraft:apple":37,"minecraft:stonecutter":1,"minecraft:wheat_seeds":38,"minecraft:cobbled_deepslate":54,"minecraft:raw_gold":6,"minecraft:iron_ingot":13,"minecraft:cobblestone_slab":37,"minecraft:poppy":16,"minecraft:sugar_cane":28,"minecraft:chest":4,"minecraft:birch_sapling":10,"minecraft:oak_planks":59,"minecraft:furnace":1,"minecraft:oak_slab":36,"minecraft:stick":42,"minecraft:oak_door":9,"minecraft:oak_fence":1,"minecraft:torch":14,"minecraft:dandelion":2,"minecraft:gravel":48,"minecraft:sand":72,"minecraft:carrot":18,"minecraft:redstone":114,"minecraft:arrow":10,"minecraft:stone_shovel":4,"minecraft:diamond":26,"minecraft:hay_block":46,"minecraft:gold_ingot":4,"minecraft:bread":22,"minecraft:oak_sapling":60,"minecraft:coal":50,"minecraft:cobblestone":194},"minecraft:used":{"minecraft:oak_trapdoor":39,"minecraft:oak_fence":16,"minecraft:water_bucket":11,"minecraft:stone_sword":7,"minecraft:cobblestone_stairs":102,"minecraft:stone_shovel":213,"minecraft:oak_planks":126,"minecraft:chest":5,"minecraft:cobblestone_slab":125,"minecraft:stonecutter":1,"minecraft:blue_bed":1,"minecraft:oak_door":13,"minecraft:torch":18,"minecraft:dirt":164,"minecraft:oak_slab":246,"minecraft:crafting_table":1,"minecraft:campfire":21,"minecraft:tuff":6,"minecraft:oak_log":179,"minecraft:glass":23,"minecraft:apple":8,"minecraft:iron_axe":542,"minecraft:oak_stairs":45,"minecraft:iron_pickaxe":284,"minecraft:oak_pressure_plate":2,"minecraft:gravel":7,"minecraft:cobblestone":65,"minecraft:oak_sapling":56,"minecraft:furnace":1,"minecraft:bucket":11,"minecraft:stripped_oak_log":11,"minecraft:cooked_beef":11},"minecraft:dropped":{"minecraft:water_bucket":1,"minecraft:oak_log":1,"minecraft:shield":1,"minecraft:iron_axe":1},"minecraft:crafted":{"minecraft:oak_door":6,"minecraft:oak_planks":372,"minecraft:oak_slab":210,"minecraft:oak_pressure_plate":2,"minecraft:cobblestone_stairs":16,"minecraft:campfire":21,"minecraft:air":0,"minecraft:oak_trapdoor":20,"minecraft:glass":48,"minecraft:charcoal":12,"minecraft:iron_axe":3,"minecraft:stick":48,"minecraft:iron_ingot":16,"minecraft:iron_pickaxe":1,"minecraft:oak_stairs":40,"minecraft:chest":1,"minecraft:gold_ingot":6,"minecraft:torch":12,"minecraft:oak_fence":15},"minecraft:killed_by":{"minecraft:skeleton":1},"minecraft:custom":{"minecraft:interact_with_furnace":27,"minecraft:mob_kills":2,"minecraft:interact_with_crafting_table":41,"minecraft:interact_with_stonecutter":5,"minecraft:leave_game":4,"minecraft:time_since_death":33488,"minecraft:sleep_in_bed":12,"minecraft:time_since_rest":934,"minecraft:sprint_one_cm":178372,"minecraft:damage_taken":2332,"minecraft:walk_one_cm":410716,"minecraft:drop":4,"minecraft:damage_dealt":270,"minecraft:swim_one_cm":3681,"minecraft:fly_one_cm":81894,"minecraft:open_chest":77,"minecraft:crouch_one_cm":128742,"minecraft:play_time":158988,"minecraft:deaths":5,"minecraft:sneak_time":32359,"minecraft:walk_under_water_one_cm":1889,"minecraft:jump":1306,"minecraft:walk_on_water_one_cm":7379,"minecraft:total_world_time":204193,"minecraft:fall_one_cm":60118},"minecraft:broken":{"minecraft:iron_axe":2,"minecraft:iron_pickaxe":1,"minecraft:stone_shovel":1},"minecraft:mined":{"minecraft:oak_slab":32,"minecraft:oak_sapling":5,"minecraft:oak_door":8,"minecraft:cobblestone_stairs":36,"minecraft:oak_fence":1,"minecraft:crafting_table":1,"minecraft:torch":5,"minecraft:grass_block":13,"minecraft:chest":4,"minecraft:campfire":5,"minecraft:glass":1,"minecraft:cobblestone":20,"minecraft:oak_planks":39,"minecraft:wall_torch":6,"minecraft:blue_bed":1,"minecraft:oak_trapdoor":20,"minecraft:furnace":1,"minecraft:oak_log":296,"minecraft:cobblestone_slab":34,"minecraft:oak_stairs":23,"minecraft:gravel":2,"minecraft:sand":72,"minecraft:dirt":163,"minecraft:stripped_oak_log":14,"minecraft:stone":174,"minecraft:stonecutter":1,"minecraft:oak_leaves":208}},"DataVersion":3955}